emitter_id,inn,okpo,title
1142,7702508905,71328785,"Публичное акционерное общество ""Артген биотех"""
4787,7727620673,81521198,"Публичное акционерное общество ""Абрау – Дюрсо"""
777,7703104630,27987276,"Публичное акционерное общество ""Акционерная финансовая корпорация ""Система"""
1242,7712040126,29063984,"Публичное акционерное общество ""Аэрофлот – российские авиалинии"""
1318,7728142469,45022341,"Общество с ограниченной ответственностью ""Управляющая компания ""Альфа-Капитал"""
1013,5321029508,00203789,"Публичное акционерное общество ""Акрон"""
1670,1433000147,23308410,"Акционерная компания ""АЛРОСА"" (публичное акционерное общество)"
3191,7401000473,00186447,"Публичное акционерное общество ""Ашинский металлургический завод"""
6385,7701253764,54957028,"Общество с ограниченной ответственностью ""Управляющая компания ""Атон-менеджмент"""
9633,7453326003,,"Публичное акционерное общество ""АПРИ"""
1285,7722266450,59055031,"Публичное акционерное общество ""Аптечная сеть 36,6"""
4326,7816430057,83783293,"Публичное  акционерное общество ""ИНАРКТИКА"""
721,7840303927,73405555,"публичное акционерное общество ""Управляющая компания ""Арсагера"""
906,3017041554,,"Публичное акционерное общество ""Астраханская энергосбытовая компания"""
14935,7726476459,,Публичное акционерное общество Группа Астра
138,7702021163,29304028,"Акционерный Коммерческий банк ""АВАНГАРД"" - публичное акционерное общество"
2997,0274051582,00135645,"Публичное акционерное общество ""Акционерная нефтяная Компания ""Башнефть"""
17087,9722103241,,"Публичное акционерное общество ""ГРУППА КОМПАНИЙ ""БАЗИС"""
1026,5407191291,48283562,"Акционерное общество Управляющая компания ""Брокеркредитсервис"""
1179,7705634425,75353667,"Публичное акционерное общество ""НоваБев Групп"""
825,0274018377,01150144,"Публичное акционерное общество ""Башинформсвязь"""
1031,5410102823,11820893,"Открытое акционерное общество ""Белон"""
658,7826685368,46921857,"Общество с ограниченной ответственностью ""Управляющая компания ""ДОХОДЪ"""
3414,0323027345,,"Публичное акционерное общество ""Бурятзолото"""
277,7831000027,09804728,"ПУБЛИЧНОЕ АКЦИОНЕРНОЕ ОБЩЕСТВО ""БАНК ""САНКТ-ПЕТЕРБУРГ"""
17337,9718151838,,"Публичное акционерное общество ""В2В-РТС"""
14761,9704168849,,"Публичное акционерное общество ""СмартТехГрупп"""
1287,7722515837,72802142,"Акционерное общество ""ААА Управление Капиталом"""
449,7734202860,09318941,"""МОСКОВСКИЙ КРЕДИТНЫЙ БАНК"" (публичное акционерное общество)"
3037,8620003528,,"Публичное акционерное общество ""РН-Западная Сибирь"""
3206,7449006184,,"Публичное акционерное общество ""Челябинский кузнечно-прессовый завод"""
927,3528000597,00186217,"Публичное акционерное общество ""Северсталь"""
3393,7450001007,,"Публичное акционерное общество ""Челябинский металлургический комбинат"""
16196,3900031141,,"Международная компания публичное акционерное общество ""Циан"""
1227,7710146208,01134091,"Публичное акционерное общество ""Центральный телеграф"""
4456,7701140866,45062866,Акционерное общество ВИМ Инвестиции
15793,9717163245,,"Публичное акционерное общество ""Группа Аренадата"""
15196,9718236471,,"Публичное акционерное общество ""Каршеринг Руссия"""
1095,6704000505,203815,"Публичное акционерное общество ""Дорогобуж"""
15207,9715302870,,"Публичное акционерное общество ""Диасофт"""
4363,7725024805,17664661,"Публичное акционерное общество Завод экологической техники и экопитания ""ДИОД"""
656,7729355614,47247771,"Публичное акционерное общество ""ДОМ.РФ"""
899,2723088770,98111286,"Публичное акционерное общество ""Дальневосточная энергетическая компания"""
4478,7114001610,07599690,"Публичное акционерное общество ""Донской завод радиодеталей"""
9344,7716814300,,"Публичное акционерное общество ""Европейская Электротехника"""
705,6671156423,75012898,"Публичное акционерное общество ""ЭЛ5-Энерго"""
15307,9703014282,,"Публичное акционерное общество ""Элемент"""
9530,3906382033,,"Международная компания публичное акционерное общество ""ЭН+ ГРУП"""
6281,7704814182,11396254,"Общество с ограниченной ответственностью ""РСХБ Управление Активами"""
10755,3900042827,,"Международная компания публичное акционерное общество ""Эталон Груп"""
14218,5029169023,18198528,"Публичное акционерное общество ""ЕвроТранс"""
3180,6623000680,00186269,"Публичное акционерное общество ""ЕВРАЗ"""
710,4716016979,56947007,"Публичное акционерное общество ""Федеральная сетевая компания - Россети"""
3150,2540047110,01125991,"Публичное акционерное общество ""Дальневосточное морское пароходство"""
15807,9703154610,93274210,"Общество с ограниченной ответственностью ""Управляющая компания ""Финстар Капитал"""
16366,7743462664,,"Публичное акционерное общество ""Фикс Прайс"""
8806,7702060116,,"публичное акционерное общество ""Современный коммерческий флот"""
1229,7710183778,44420370,"Акционерное общество ""Управляющая компания ""Первая"""
1356,7744002606,59037211,"Общество с ограниченной ответственностью ""Управляющая компания ""Финам Менеджмент"""
5965,0010032962,,FinEx Funds ICAV
6213,0010033698,,FinEx Physically Backed Funds ICAV
3063,5200000046,05744892,"Публичное акционерное общество ""ГАЗ"""
3654,7726510759,74636736,"Публичное акционерное общество ""ГАЗКОН"""
711,7736050003,00040778,"Публичное акционерное общество ""Газпром"""
3480,7726510741,74636723,"Публичное акционерное общество ""ГАЗ-сервис"""
4739,7705821841,84092548,"Публичное акционерное общество ""ГАЗ-Тек"""
698,7718560636,76462766,"Публичное акционерное общество ""Группа Черкизово"""
11179,9731078633,,"Публичное акционерное общество ""Центр Генетики и Репродуктивной Медицины ""ГЕНЕТИКО"""
9732,7736317497,,"Публичное акционерное общество  ""Международный Медицинский Центр Обработки и Криохранения Биоматериалов"""
11714,3900020125,,Международная Компания Публичное Акционерное Общество Юнайтед Медикал Груп
12393,9729387137,,"Публичное акционерное общество ""ГЛОРАКС"""
1399,8401005730,44577806,"Публичное акционерное общество ""Горно-металлургическая компания ""Норильский никель"""
8379,7804493447,,"Публичное акционерное общество ""Городские Инновационные Технологии"""
9489,9701082537,,"Публичное акционерное общество ""ГЛОБАЛТРАК МЕНЕДЖМЕНТ"""
15268,3900016369,,"Международная компания публичное акционерное общество ""Хэдхантер"""
2837,2124009521,,"Публичное акционерное общество ""Химпром"""
14956,5047265516,,ПУБЛИЧНОЕ АКЦИОНЕРНОЕ ОБЩЕСТВО ХЭНДЕРСОН ФЭШН ГРУПП
816,2460066195,75782411,"Публичное акционерное общество ""Федеральная гидрогенерирующая компания - РусГидро"""
2816,1826000655,,"Публичное акционерное общество ""Ижсталь"""
3687,7705136973,46350001,"Акционерное общество Управляющая компания ""Ингосстрах - Инвестиции"""
3565,2320109650,33741102,"Публичное акционерное общество ""Интер РАО ЕЭС"""
940,3807002509,07504910,"Публичное акционерное общество ""Яковлев"""
13008,1683020450,,"Публичное акционерное общество ""ИВА"""
3173,7601001107,00149765,"Публичное акционерное общество ""Славнефть-Ярославнефтеоргсинтез"""
2000,6320005915,,"Публичное акционерное общество ""КуйбышевАзот"""
2897,2308119595,,"Публичное акционерное общество ""ТНС энерго Кубань"""
2827,4100000668,00106106,"Публичное акционерное общество энергетики и электрификации ""Камчатскэнерго"""
2231,7702336269,59060606,"Публичное акционерное общество ""ИНГРАД"""
4832,4501122913,78739752,"Публичное акционерное общество ""Курганская генерирующая компания"""
945,4029030252,,"Публичное акционерное общество ""Калужская сбытовая компания"""
15239,9731121416,,"Публичное акционерное общество ""АЛКОГОЛЬНАЯ ГРУППА КРИСТАЛЛ"""
855,1650032058,00231515,"Публичное акционерное общество ""КАМАЗ"""
919,3305004397,07514541,"публичное акционерное общество ""Ковровский механический завод"""
3439,7104002774,,"Акционерное общество ""Косогорский металлургический завод"""
3394,3834002314,00186720,"Публичное акционерное общество ""Коршуновский горно-обогатительный комбинат"""
3038,6451114900,,"Публичное акционерное общество ""Саратовский нефтеперерабатывающий завод"""
3163,6154023009,,"Публичное акционерное общество ""Таганрогский котлостроительный завод ""Красный котельщик"""
1184,7706043263,,"Публичное акционерное общество ""Московская кондитерская фабрика ""Красный Октябрь"""
3232,2466132221,78453317,"Публичное акционерное общество ""Красноярскэнергосбыт"""
957,4401050567,41642727,"Акционерное общество ""Костромская сбытовая компания"""
4758,5836900162,09309839,"Публичное акционерное общество Банк ""Кузнецкий"""
1059,5916000015,,"Публичное акционерное общество ""Краснокамский завод металлических сеток"""
3015,1658008723,00203335,"Казанское публичное акционерное общество ""Органический синтез"""
9474,9705101614,16176014,"Публичное акционерное общество ""Лизинговая компания ""Европлан"""
6500,3906399157,,"Международная компания публичное акционерное общество ""Лента"""
4450,7801075160,43439835,"Публичное акционерное общество ""Фармсинтез"""
770,7708004767,00044434,"Публичное акционерное общество ""Нефтяная компания ""ЛУКОЙЛ"""
9479,7729038566,,"Публичное акционерное общество ""Ламбумиз"""
3127,3802000096,,"Ленское золотодобывающее публичное акционерное общество ""Лензолото"""
969,4822001244,,"Публичное акционерное общество ""Липецкая энергосбытовая компания"""
1363,7803002209,00107131,"Публичное акционерное общество ""Россети Ленэнерго"""
778,7838360491,11161516,"Публичное акционерное общество ""Группа ЛСР"""
4870,7839462305,09587521,"Публичное акционерное общество ""Левенгук"""
2829,4909047148,00106201,"Публичное акционерное общество энергетики и электрификации ""Магаданэнерго"""
646,7414003633,00186424,"Публичное акционерное общество ""Магнитогорский металлургический комбинат"""
302,7702045051,17516067,"Публичное акционерное общество ""МТС-Банк"""
10986,3900026494,,"Международная Компания Публичное Акционерное Общество ""МД Медикал Груп Инвестментс"""
1408,8605003932,05679120,"Публичное акционерное общество ""Славнефть - Мегионнефтегаз"""
11004,7707600245,17698269,"Публичное акционерное общество ""МГКЛ"""
886,2309085638,70771130,"Публичное акционерное общество ""Магнит"""
3020,5919470019,,"Открытое акционерное общество ""Соликамский магниевый завод"""
1224,7710016640,04856548,"Публичное акционерное общество ""Московская городская телефонная сеть"""
841,1215099739,72513573,"Публичное акционерное общество ""ТНС энерго Марий Эл"""
6318,7710186602,,"Акционерное общество ""Управляющая компания ""МКБ Инвестиции"""
3455,7702077840,11538317,"Публичное акционерное общество ""Московская Биржа ММВБ-РТС"""
848,1435126890,46728913,"общество с ограниченной ответственностью Управляющая компания ""АК БАРС КАПИТАЛ"""
2683,6901067107,75720657,"Публичное акционерное общество ""Россети Центр"""
3580,2632082033,96188451,"Публичное акционерное общество ""Россети Северный Кавказ"""
2689,5260200603,81296703,"Публичное акционерное общество ""Россети Центр и Приволжье"""
2684,2460069527,76749096,"Публичное акционерное общество ""Россети Сибирь"""
2522,6671163413,76507836,"Публичное акционерное общество ""Россети Урал"""
2688,6450925977,96956370,"Публичное акционерное общество ""Россети Волга"""
2692,6164266561,80380011,"Публичное акционерное общество ""Россети Юг"""
3581,7802312751,74824610,"Публичное акционерное общество ""Россети Северо-Запад"""
844,1326192645,,"Публичное акционерное общество ""Мордовская энергосбытовая компания"""
649,7705035012,00102798,"Публичное акционерное общество энергетики и электрификации ""Мосэнерго"""
994,5036065113,75273098,"Публичное акционерное общество ""Россети Московский регион"""
3211,7701045732,01386148,"Публичное акционерное общество ""МОСТОТРЕСТ"""
716,7703370008,14582388,"Публичное акционерное общество ""Мечел"""
1352,7740000076,52686811,"Публичное акционерное общество ""Мобильные ТелеСистемы"""
787,7707602010,71630621,"Публичное акционерное общество ""М.видео"""
4707,7714005350,,"Публичное акционерное общество Научно-производственное объединение ""Наука"""
1773,0264004103,05745101,"Публичное акционерное общество ""НЕФАЗ"""
2076,2315014748,00935191,"Публичное акционерное общество ""Новороссийский комбинат хлебопродуктов"""
858,1651000010,05766801,"Публичное Акционерное Общество ""Нижнекамскнефтехим"""
3371,1651000027,,"Публичное акционерное общество ""Нижнекамскшина"""
970,4823006703,05757665,"Публичное акционерное общество ""Новолипецкий металлургический комбинат"""
794,2315004404,01125867,"Публичное акционерное общество ""Новороссийский морской торговый порт"""
1009,5260148520,76670306,"Публичное акционерное общество ""ТНС энерго Нижний Новгород"""
4729,7726019607,07535342,"Публичное акционерное общество ""Научно-производственное объединение ""Физика"""
4621,7714716995,83171319,"Публичное акционерное общество ""Наука-Связь"""
1074,6316031581,33556474,"публичное акционерное общество ""НОВАТЭК"""
895,2607018122,76851389,"Публичное акционерное общество ""Вторая генерирующая компания оптового рынка электроэнергии"""
11357,0010038332,,O'KEY Group S.A.
1089,6663059899,45599566,Публичное акционерное общество Объединенные машиностроительные заводы (Группа Уралмаш-Ижора)
11384,3900045916,,"Международная компания Публичное акционерное общество ""Озон"""
15750,6320080729,,"Публичное акционерное общество ""Озон Фармацевтика"""
3064,5252000350,,"Публичное акционерное общество ""Павловский автобус"""
4513,7736216869,57951659,"Публичное акционерное общество ""ФосАгро"""
739,7713011336,40032777,"Публичное акционерное общество ""ПИК-специализированный застройщик"""
1158,7703389295,94475488,"Публичное акционерное общество ""Полюс"""
1054,5904123809,,"Публичное акционерное общество ""Пермская энергосбытовая компания"""
12604,9718077239,19648436,"Публичное акционерное общество ""Группа Позитив"""
3407,7447014976,01217836,"Публичное акционерное общество ""ТЕПЛАНТ восток """
892,2508018932,,"Публичное акционерное общество ""Приморское морское пароходство"""
387,2536020789,35697262,"акционерный коммерческий банк ""Приморье""  (публичное акционерное общество)"
13275,9702034818,,"ПУБЛИЧНОЕ АКЦИОНЕРНОЕ ОБЩЕСТВО ""ПРОМОМЕД"""
4847,7718218817,59033992,"Общество с ограниченной ответственностью ""Управляющая компания ПРОМСВЯЗЬ"""
4330,5003077160,63584769,"Публичное акционерное общество ""Группа ""Русагро"""
641,4214002316,05019458,"Публичное акционерное общество ""Распадская"""
4463,7728547955,77329609,"Публичное акционерное общество ""Группа компаний РБК"""
149,7718011918,13243000,"""Российский акционерный коммерческий дорожный банк"" (публичное акционерное общество)"
9767,7725497022,,"Публичное акционерное общество ""Группа Ренессанс Страхование"""
1837,7707067683,00039746,"Публичное акционерное общество Страховая Компания ""Росгосстрах"""
1783,5018033937,,"Публичное акционерное общество ""Ракетно-космическая корпорация ""Энергия"" имени С.П. Королёва"""
1264,7717133960,59107064,"Публичное акционерное общество Нефтегазовая компания ""РуссНефть"""
6132,7706774915,09812709,"Публичное акционерное общество ""Русолово"""
651,7706107510,00044428,"публичное акционерное общество ""Нефтяная компания ""Роснефть"""
2589,7722514880,72986805,"Публичное акционерное общество ""РОСИНТЕР РЕСТОРАНТС ХОЛДИНГ"""
2634,6163000368,03298046,"Публичное акционерное общество ""Газпром газораспределение Ростов-на-Дону"""
1193,7707049388,17514186,"Публичное акционерное общество ""Ростелеком"""
1066,6168002922,,"Публичное акционерное общество ""ТНС энерго Ростов-на-Дону"""
1139,7702172846,45116875,"Акционерное общество ""БКС Управление благосостоянием"""
4529,7703603950,96553531,"Общество с ограниченной ответственностью ""ВЕЛЕС ТРАСТ"""
1387,7825489723,58350986,ТКБ Инвестмент Партнерс (Акционерное общество)
6321,7722270922,,Общество с ограниченной ответственностью ВИМ Сбережения
6165,7716618947,,"Общество с ограниченной ответственностью ""ПЕРАМО ИНВЕСТ"""
1373,7806138649,13835290,"Общество с ограниченной ответственностью ""Управляющая компания ""Свиньин и Партнеры"""
9402,7704366195,,"Общество с ограниченной ответственностью ""ДОМ.РФ Управление активами"""
14979,7718928743,,"Общество с ограниченной ответственностью ""Управляющая компания ""Долгосрочные инвестиции"""
11567,7730257675,44573955,"Общество с ограниченной ответственностью ""Современные Фонды Недвижимости"""
8878,7705525627,14624632,"Общество с ограниченной ответственностью Управляющая компания ""Арикапитал"""
11165,7704387090,,"Общество с ограниченной ответственностью ""АКЦЕНТ УПРАВЛЕНИЕ АКТИВАМИ"""
9339,6454074653,,"Общество с ограниченной ответственностью ""Управляющая компания ""Восток-Запад"""
4500,7704750193,,"Общество с ограниченной ответственностью ""Управляющая компания ""ОРЕОЛ"""
11501,9725033031,,"Общество с ограниченной ответственностью ""ПАРУС Управление Активами"""
15002,7718919844,,"ОБЩЕСТВО С ОГРАНИЧЕННОЙ ОТВЕТСТВЕННОСТЬЮ ""УПРАВЛЯЮЩАЯ КОМПАНИЯ ""РЕКОРД КАПИТАЛ"""
4816,7722691889,62699513,"Акционерное общество ""Астра Управление активами"""
11319,5410071220,,"Общество с ограниченной ответственностью Управляющая компания ""Гамма Групп"""
14778,9705081245,05648585,"Общество с ограниченной ответственностью Управляющая Компания ""Восхождение"""
10779,7743304530,40143962,"Общество с ограниченной ответственностью ""Т-Капитал"""
7968,7709853192,,"Общество с ограниченной ответственностью ""ТЕТИС Кэпитал"""
1093,6671222690,,"Общество с ограниченной ответственностью ""Управляющая компания СГБ"""
7972,3906394938,,"Международная компания публичное акционерное общество ""Объединённая Компания ""РУСАЛ"""""
230,7704081545,17960201,"Публичное акционерное общество ""ИНВЕСТИЦИОННАЯ КОМПАНИЯ ИК РУСС-ИНВЕСТ"""
1068,6229049014,75801108,"Публичное акционерное общество ""Рязанская энергетическая сбытовая компания"""
2825,6315222985,102504,"Публичное акционерное общество энергетики и электрификации ""Самараэнерго"""
2826,6450014808,00103355,"Публичное акционерное общество ""Саратовэнерго"""
484,7707083893,00032537,"Публичное акционерное общество ""Сбербанк России"""
6524,9725182361,79763095,"Акционерное общество УК ""Доверительная"""
4579,1402047184,97550871,"Публичное акционерное общество ""Селигдар"""
3667,6164077483,49828911,"Публичное акционерное общество ""ЭсЭфАй"""
10856,9703024202,32864191,"Публичное акционерное общество Группа компаний ""Сегежа"""
1039,5504036333,42045241,"Публичное акционерное общество ""Газпром нефть"""
1143,9703206844,71991402,"Акционерное общество ""Контрада Капитал"""
2841,6500000024,,"Публичное акционерное общество энергетики и электрификации ""Сахалинэнерго"""
1188,7706150949,47328794,"Акционерное общество ""СОЛИД Менеджмент"""
9848,9731004688,,"публичное акционерное общество ""Группа компаний ""Самолет"""
1406,8602060555,05753490,"Публичное акционерное общество ""Сургутнефтегаз"""
9483,7736227885,,"Публичное акционерное общество ""Софтлайн"""
6291,7801268965,45573578,"Публичное акционерное общество ""СПБ Биржа"""
2856,2626033550,,"Публичное акционерное общество ""Ставропольэнергосбыт"""
3360,6627001318,00194441,"Акционерное общество ""Среднеуральский медеплавильный завод"""
928,3528079131,57126933,"Публичное акционерное общество ""СОЛЛЕРС"""
784,4401116480,09139030,"Публичное акционерное общество ""Совкомбанк"""
9594,7814693830,,"Публичное акционерное общество ""Светофор Групп"""
10763,2540283195,,"Международная компания публичное акционерное общество ""Т-Технологии"""
1100,6829010210,71254738,"Публичное акционерное общество ""Тамбовская энергосбытовая компания"""
852,1644003838,00136352,"публичное акционерное общество ""Татнефть"" имени В.Д. Шашина"
1396,7841312071,76201586,"Публичное акционерное общество ""Территориальная генерирующая компания №1"""
1128,7606053324,76535270,"Публичное акционерное общество ""Территориальная генерирующая компания №2"""
750,7203162698,,"Публичное акционерное общество ""Форвард Энерго"""
1122,7534018889,74421763,"Публичное акционерное общество ""Территориальная генерирующая компания № 14"""
6891,7705541227,54995309,"Публичное акционерное общество Группа компаний ""ТНС энерго"""
1110,7017114672,73749792,"Публичное акционерное общество ""Россети Томск"""
752,7710373095,56601059,"Публичное акционерное общество ""Трубная Металлургическая Компания"""
1185,7706061801,00044463,"Публичное акционерное общество ""Транснефть"""
867,1681000024,48669669,"Публичное акционерное общество ""Таттелеком"""
3197,0269008334,,"Публичное акционерное общество ""Туймазинский завод автобетоновозов"""
3254,1831034040,,"Публичное акционерное общество ""Удмуртнефть"" имени В.И. Кудинова"
2996,0277014204,05766563,"Публичное акционерное общество ""Уфаоргсинтез"""
3588,7424024375,99280000,"Публичное акционерное общество ""Южуралзолото Группа Компаний"""
3392,4214000608,,"Публичное акционерное общество ""Угольная компания ""Южный Кузбасс"""
2690,7708619320,98253307,"Публичное акционерное общество ""Объединенная авиастроительная корпорация"""
1947,5613000143,00194547,"Публичное акционерное общество ""Южно-Уральский никелевый комбинат"""
1407,8602067092,76828204,"Публичное акционерное общество ""Юнипро"""
2641,7420000133,07509310,"Публичное акционерное общество ""Уральская кузница"""
407,0274062111,32020814,"Публичное акционерное общество ""БАНК УРАЛСИБ"""
1115,7204002873,01130489,"Публичное акционерное общество ""Авиакомпания ""ЮТэйр"""
8000,7705522866,,"Публичное акционерное общество ""Научно-производственная корпорация ""Объединенная Вагонная Компания"""
16304,9703186884,,"Общество с ограниченной ответственностью ""Управляющая компания РенКап"""
924,3445071523,,"Публичное акционерное общество ""Волгоградэнергосбыт"""
3040,8609000160,,"Публичное акционерное общество ""ННК-Варьеганнефтегаз"""
10761,3900015862,,"Международная компания Публичное акционерное общество ""ВК"""
916,3302000669,,"Публичное акционерное общество ""Владимирский химический завод"""
931,3663050467,,"Публичное акционерное общество ""ТНС энерго Воронеж"""
15709,3300010559,,"Публичное акционерное общество ""ВИ.ру"""
1082,6607000556,07510017,"публичное акционерное общество ""Корпорация ВСМПО-АВИСМА"""
3222,4704012874,07531953,"Публичное акционерное общество ""Выборгский судостроительный завод"""
269,7702070139,00032520,Банк ВТБ (публичное акционерное общество)
2882,6315376946,78257026,"Публичное акционерное общество ""Т Плюс"""
1151,7703034574,04794439,"Публичное акционерное общество ""Центр международной торговли"""
13955,9703103060,,"Публичное акционерное общество ""ВУШ Холдинг"""
10712,9722079341,82563112,"Публичное акционерное общество ""Корпоративный центр ИКС 5"""
16906,5406832785,54367168,"Общество с ограниченной ответственностью Управляющая компания ""Бореа групп"""
4332,7715667525,83092666,"Акционерное общество ""Центральная трастовая компания"""
11796,7703422263,,"Общество с ограниченной ответственностью Управляющая компания ""А КЛАСС КАПИТАЛ"""
3402,1435032049,00153815,"Публичное акционерное общество ""Якутская топливно-энергетическая компания"""
15523,3900019850,,"Международная компания публичное акционерное общество ""ЯНДЕКС"""
847,1435028701,00130576,"Публичное акционерное общество ""Якутскэнерго"""
1127,7606052264,,"Публичное акционерное общество ""ТНС энерго Ярославль"""
11466,5406836941,,"Публичное акционерное общество Микрокредитная компания ""Займер"""
3331,7725043886,,"Публичное акционерное общество ""Завод имени И.А. Лихачева"""
2783,7811038760,05756754,"Публичное акционерное общество ""ЗВЕЗДА"""
9589,0010037208,,"Акционерное общество ""Банк Астаны"""
9314,7453297458,31212003,"Публичное акционерное общество ""АСКО"""
6419,5003097744,37529592,"Публичное акционерное общество ""Торгово-промышленная группа АЭССЕЛЬ"""
4437,7709848770,65249006,"Открытое акционерное общество ""АГАВА-Ресурс"""
7502,0010034871,,ROS AGRO PLC
879,2259004165,52073072,"Открытое акционерное общество ""ПАВА"""
4007,7831000034,09801026,"Акционерное общество ""СПБ Банк"""
2345,1419003844,,"Публичное акционерное общество ""АЛРОСА-Нюрба"""
4362,7117009375,07502093,"Открытое акционерное общество ""Аппаратура дальней связи"""
902,2901006442,,"Открытое акционерное общество энергетики и электрификации ""Архэнерго"""
740,7702568982,78003583,"Публичное акционерное общество ""АРМАДА"""
903,2901134250,,"Публичное акционерное общество ""Архангельская сбытовая компания"""
904,3015003313,,"Открытое акционерное общество энергетики и электрификации ""Астраханьэнерго"""
1078,6320002223,00232934,"Акционерное общество ""АВТОВАЗ"""
2803,4205000908,05761637,"Кемеровское акционерное общество ""Азот"""
3438,7111003049,,"Открытое акционерное общество ""Алексинский завод тяжелой промышленной арматуры"""
3827,3811128374,61091637,"Открытое акционерное общество ""БизнесАктив"""
828,0275000990,00107838,"Башкирское открытое акционерное общество энергетики и электрификации ""Башкирэнерго"""
2821,3125008321,,"Открытое акционерное общество ""Корпоративные сервисные системы"""
3651,7709752123,82428696,"Открытое акционерное общество ""Бакалейные фабрики Максима Антонова"""
4861,7707773921,09258326,"Публичное акционерное общество ""Богородские деликатесы"""
910,3123117903,,"Открытое акционерное общество энергетики и электрификации ""Белгородэнерго"""
909,3123110760,,"Акционерное общество ""Белгородская сбытовая компания"""
915,3250056153,,"Открытое акционерное общество ""Брянскэнергосбыт"""
913,3201000084,,"Открытое акционерное общество ""Брянскэнерго"""
832,0323125110,,"Открытое акционерное общество ""Бурятэнергосбыт"""
1120,7449006730,00186654,"Акционерное общество ""Челябинский трубопрокатный завод"""
3160,5921002018,,"Открытое акционерное общество ""Чусовской металлургический завод"""
1118,7421000312,,"Открытое акционерное общество энергетики и электрификации ""Челябэнерго"""
1123,7536066430,,"Открытое акционерное общество ""Читаэнергосбыт"""
3030,7448000013,00194228,"Акционерное общество ""Челябинский цинковый завод"""
12324,0010038549,,Cian PLC
137,7831000637,20501951,КИТ Финанс Инвестиционный банк (Открытое акционерное общество)
1121,7451213318,,"Публичное акционерное общество ""Челябэнергосбыт"""
3247,7740000069,,"Открытое акционерное общество ""КОМСТАР - Объединенные ТелеСистемы"""
706,5000000970,01140111,"Открытое акционерное общество ""Центральная телекоммуникационная компания"""
2979,0541031165,,"Открытое акционерное общество ""Дагестанская региональная генерирующая компания"""
6062,2721111590,71971925,"Акционерное общество ""Дальневосточный завод энергетического машиностроения"""
835,0541031172,,"Публичное акционерное общество ""Дагестанская энергосбытовая компания"""
88,7729003482,29292006,"""Акционерный коммерческий банк ""Держава"" публичное акционерное общество"""
834,0541009392,00104461,"Открытое акционерное общество энергетики и электрификации Дагестана ""Дагэнерго"""
4355,7721253272,14166922,"Открытое акционерное общество ""Донская инвестиционная компания"""
1161,7704249540,13546574,"Акционерное общество ""ДИКСИ Групп"""
894,2540014227,01163193,"Открытое акционерное общество ""Дальневосточная компания электросвязи"""
386,2540016961,09241018,"Акционерное общество ""Дальневосточный банк"""
12342,0010038531,,Delimobil Holding S.A.
4430,2334021010,73188371,"Открытое акционерное общество ""Имени Героя Великой Отечественной войны Данильченко В.И."""
1329,7729355029,47568073,"Публичное акционерное общество ""Детский мир"""
1174,7705018828,,"Российское открытое акционерное общество энергетики и электрификации ""ЕЭС России"""
3226,5403102702,,"Научно-производственное объединение ""Элсиб"" Открытое акционерное общество"
4595,7708734121,90544212,"Открытое акционерное общество ""Лигал Кэпитал Инвестментс"""
3364,1500000113,,"Публичное акционерное общество ""Электроцинк"""
4597,7701871168,66313048,"Открытое акционерное общество ""Эссет менеджмент технолоджиз"""
4386,7743760702,63798499,"Открытое акционерное общество ""Русское инновационное агентство Эра Водолея (инвестиционная компания)"""
2183,7705037370,,"Открытое акционерное общество ""Энергетическая Русская Компания"""
3804,5410116061,21020320,"Открытое акционерное общество ""Ермак-инвест"""
3231,1901067718,76762480,"Открытое акционерное общество ""Енисейская территориальная генерирующая компания (ТГК-13)"""
4656,7713297660,56753504,"ОТКРЫТОЕ АКЦИОНЕРНОЕ ОБЩЕСТВО ""ЕВРОПЕЙСКАЯ ВЕЩАТЕЛЬНАЯ КОМПАНИЯ"""
3838,7701784437,86447271,"Открытое акционерное общество ""ФинКомИнвест"""
17095,9726092897,59977782,"Публичное акционерное общество ""ФАБРИКА ПО"""
9616,0010037240,,X5 Retail Group N.V.
11472,0010038370,,FIX PRICE GROUP PLC
1345,7736165131,,"Открытое акционерное общество ""Финансовая Лизинговая Компания"""
4764,6167070486,71922097,"Открытое акционерное общество ""Форт"""
3826,3811130006,61104707,"Открытое акционерное общество ""ФинСервис"""
8884,9710010585,,"Публичное акционерное общество ""Финансовая группа БУДУЩЕЕ"""
7302,9909104123,,Globaltrans Investment PLC
1279,7721235763,53788672,"Публичное акционерное общество ""Группа ""РАЗГУЛЯЙ"""
5966,7706211944,52807509,"Публичное акционерное общество ""ДжиТиЭл"""
4862,7813511396,30598130,"Открытое акционерное общество ""ГлавТоргПродукт"""
6230,7203215460,86052271,"Акционерное общество ""ГЕОТЕК"""
1225,7710035963,02833224,"Акционерное общество ""Торговый Дом ГУМ"""
650,7706032060,29278087,"Акционерное общество ""СГ-Девелопмент"""
11261,0010038250,,HeadHunter Group PLC
247,8601000666,12507282,"Публичное акционерное общество ""Ханты-Мансийский банк Открытие"""
7317,0010038400,,HMS HYDRAULIC MACHINES & SYSTEMS GROUP PLC
4465,1660118441,87869324,"Публичное акционерное общество ""ИДЖАТ"""
7959,7714933728,,"Публичное акционерное общество ""ИНВЕСТ-ДЕВЕЛОПМЕНТ"""
1955,7728014883,02496011,"Акционерное общество Институт ""ГИПРОПРОС"""
2844,4501000168,,"Открытое акционерное общество ""ИКАР"" ордена Почета Курганский завод трубопроводной арматуры"""
3187,5646000237,,"Открытое акционерное общество ""Илецксоль"""
3837,7701783338,85818498,"Открытое акционерное общество ""ИнтерТрейдИнвест"""
938,3800000220,00105348,Иркутское акционерное общество энергетики и электрификации
3836,7701838121,61721771,"Открытое акционерное общество ""Межрегиональная стабилизационная группа"""
936,3729007810,,"Открытое акционерное общество энергетики и электрификации ""Ивэнерго"""
934,3702065117,,"Открытое акционерное общество ""Ивэнергосбыт"""
4329,4205003440,53067205,"Акционерное общество ""Кузбасская Топливная Компания"""
951,4341003658,,"Открытое акционерное общество ""Кирово-Чепецкий химический комбинат имени Б.П.Константинова"""
4493,1644060226,68714478,"Открытое акционерное общество ""Камский домостроительный комбинат"""
3161,1656002652,,"Акционерное общество ""Казанский вертолетный завод"""
952,4345103477,77380029,"Открытое акционерное общество ""Кировэнергосбыт"""
1083,6608000083,00333859,"Открытое акционерное общество Концерн ""Калина"""
944,4029000642,,"Открытое акционерное общество энергетики и электрификации ""Калугаэнерго"""
839,1102005472,,"Открытое акционерное общество ""Акционерная энергетическая компания ""Комиэнерго"""
947,4205001274,00186683,"Публичное акционерное общество ""Кокс"""
1003,5105040063,,"Открытое акционерное общество энергетики и электрификации ""Колэнерго"""
4700,4719002357,,"Открытое акционерное общество ""Бумажная фабрика ""Коммунар"""
2891,5105041148,,"Открытое акционерное общество ""Кольская энергосбытовая компания"""
956,4401007071,,"Открытое акционерное общество энергетики и электрификации ""Костромаэнерго"""
2828,4501013657,,"Открытое акционерное общество энергетики и электрификации ""Курганэнерго"""
891,2451000014,,"Открытое акционерное общество ""Красноярскэнерго"""
890,2446000322,,"Акционерное общество ""Красноярская ГЭС"""
884,2309001660,00104604,"Публичное акционерное общество ""Россети Кубань"""
959,4629023257,,"Открытое акционерное общество энергетики и электрификации ""Курскэнерго"""
2662,6666003414,,"Акционерное общество ""Каменск-Уральский завод по обработке цветных металлов"""
3094,6330000465,,"Открытое акционерное общество ""Куйбышевнефтеоргсинтез"""
961,4632049456,,"Открытое акционерное общество ""Курскрегионэнергосбыт"""
3670,2334005509,00651565,"Акционерное общество ""Кубанская степь"""
946,4200000333,00105638,Кузбасское акционерное общество энергетики и электрификации
966,4811000739,00336929,"Открытое акционерное общество  ""Экспериментально-консервный завод ""Лебедянский"""
968,4822000160,,"Открытое акционерное общество энергетики и электрификации ""Липецкэнерго"""
7735,7721062077,,"Акционерное общество ""19-й таксомоторный парк"""
1364,7804002321,,"Открытое акционерное общество ""ЛОМО"""
1004185,1000003804,,Citibank N.A.(Mail.ru Group Limited)
2848,5053005918,07622118,"Публичное акционерное общество ""Машиностроительный завод"""
6181,7702358512,70172122,"Общество с ограниченной ответственностью ""Управляющая компания Райффайзен"""
236,5408117935,09804094,"Публичное Акционерное Общество ""БИНБАНК"""
3708,7704038268,17344948,"Публичное акционерное общество ""МЕРИДИАН"""
4501,7713387530,46788192,"Небанковская кредитная организация-центральный контрагент ""СПБ Клиринг"" (Акционерное общество)"
1380,7812014560,31090505,"Публичное акционерное общество ""МегаФон"""
3339,4633001577,,"Акционерное общество ""Михайловский ГОК имени Андрея Владимировича Варичева"""
1180,7705654213,,"Открытое акционерное общество ""Московская городская электросетевая компания"""
4658,7813503571,91974133,"Открытое акционерное общество Медиа группа ""Война и Мир"""
4176,7709831463,62101473,"Открытое акционерное общество Научное производственное  объединение ""МИКРОН"""
375,7702000406,29292940,"Акционерное общество ""БМ-Банк"""
2264,7725039167,26358377,"Публичное акционерное общество ""МН-фонд"""
3168,7723006328,,"Aкционерное общество ""Газпромнефть - Московский НПЗ"""
4197,7750005588,25094551,Акционерное общество МОСКОВСКИЙ ОБЛАСТНОЙ БАНК
3021,5905000038,,"Публичное акционерное общество ""Морион"""
1056,5906009273,07500243,"Публичное акционерное общество специального машиностроения и металлургии ""Мотовилихинские заводы"""
843,1325018852,,"Открытое акционерное общество ""Мордовэнерго"""
3719,7728662669,94129941,"Публичное акционерное общество ""Российские сети"""
1348,7736520080,76469930,"Акционерное общество ""Мосэнергосбыт"""
5389,7719815118,09912033,"Открытое акционерное общество ""Мультисистема"""
1181,7705654252,76469610,"Открытое акционерное общество ""Московская теплосетевая компания"""
69,3528017287,09108414,"Акционерное общество ""Металлургический коммерческий банк"""
2867,5190141373,,"Акционерное общество ""Мурманская ТЭЦ"""
425,7831001567,43433198,"Публичное акционерное общество Национальный банк ""ТРАСТ"""
3772,7450058035,86910384,"Открытое акционерное общество ""НЕКК"""
1014,5321032821,,"Открытое акционерное общество энергетики и электрификации ""Новгородэнерго"""
1015,5321102236,74994513,"Открытое акционерное общество ""Новгородоблэнергосбыт"""
320,7706092528,17526887,"Публичное акционерное общество Банк ""Финансовая Корпорация Открытие"""
1007,5260000330,,"Нижегородское открытое акционерное общество энергетики и электрификации ""Нижновэнерго"""
3225,5411100018,,"Открытое акционерное общество энергетики и электрификации ""Новосибирскэнерго"""
3554,2308082673,10126009,"Открытое акционерное общество ""НПО ""Промавтоматика"""
983,5017036692,18845198,"Открытое акционерное общество ""НУТРИНВЕСТХОЛДИНГ"""
3035,8603028882,,"Открытое акционерное общество ""Нижневартовскнефтегаз"""
8727,5410779580,,"Публичное акционерное общество ""ОР ГРУПП"""
3639,7706662633,81468699,"Публичное акционерное общество ""Медиахолдинг"""
757,7203158282,76823425,"Открытое акционерное общество ""Первая генерирующая компания оптового рынка электроэнергии"""
759,6164232756,76928058,"Открытое акционерное общество ""Шестая генерирующая компания оптового рынка электроэнергии"""
833,0326023099,73225043,"Открытое акционерное общество ""Третья генерирующая компания оптового рынка электроэнергии"""
1036,5503091518,,"Открытое акционерное общество ""Омскэнергосбыт"""
2793,5506007419,18392182,"Акционерное общество ""Омскшина"""
1140,7702203678,,"Общество с ограниченной ответственностью ""Менеджмент-консалтинг"""
3559,7705394773,54966396,"Общество с ограниченной ответственностью ""Управляющая компания ""ОТКРЫТИЕ"""
4192,7701838611,61726030,"Открытое акционерное общество ""Оптима Инвест"""
1041,5751002723,,"Открытое акционерное общество энергетики и электрификации ""Орелэнерго"""
1042,5751028841,,"Открытое акционерное общество ""Орелэнергосбыт"""
3819,5443105474,41370536,"Открытое акционерное общество ""Объединенный Сибирский фонд"""
3375,7715034360,,"Акционерное общество ""Останкинский мясоперерабатывающий комбинат"""
7878,5047149534,,"Акционерное общество ""Отисифарм"""
2889,7841322249,,"Открытое акционерное общество ""Петербургская сбытовая компания"""
1002475,5036011735,,"Открытое акционерное общество ""Подольский машиностроительный завод"""
382,7707284568,09308343,"Открытое акционерное общество Коммерческий банк ""Петрокоммерц"""
7869,9909328557,,Полюс Голд Интернешенл Лимитед
749,0274110679,31239382,"Акционерное общество ""Фармстандарт"""
1391,7830001405,,"Открытое акционерное общество ""Пивоваренная компания ""Балтика"""
4702,7704508594,,"Открытое акционерное общество ""Планета"""
4563,7709732938,80704293,"Публичное акционерное общество ""Плазмек"""
1051,5904004551,,"Открытое акционерное общество энергетики и электрификации ""Пермэнерго"""
3079,5904000814,,"Открытое акционерное общество ""Пермские моторы"""
1371,7805104870,48004220,"Акционерное общество  ""Полиметалл"""
3029,6625004271,,"Открытое акционерное общество ""Первоуральский новотрубный завод"""
1046,5836604942,,"Открытое акционерное общество энергетики и электрификации ""Пензаэнерго"""
10911,0010038214,,Petropavlovsk PLC
6101,0010033331,,Solidcore Resources plc
4261,7731578978,83223625,"Открытое акционерное общество ""ПРОЕКТНЫЕ ИНВЕСТИЦИИ"""
4703,7722609436,,"Открытое акционерное общество ""ПРОМИНВЕСТ"""
4331,7715354473,59149045,"Акционерное общество ""ПРОТЕК"""
323,7744000912,40148343,"Публичное акционерное общество ""Банк ПСБ"""
1060,6027018711,,"Открытое акционерное общество энергетики и электрификации ""Псковэнерго"""
3686,7722563340,79476409,"Открытое акционерное общество ""ПрофТехРесурс М"""
1043,5835059003,,"Открытое акционерное общество ""Пензаэнергосбыт"""
6077,9909362043,,NanduQ PLC
3716,2801133630,85115294,"Акционерное общество ""РАО Энергетические системы Востока"""
9900,0010037589,,Raven Property Group Limited
802,7736206959,54818174,"Открытое акционерное общество ""РТ Проф-Реал"""
3777,0278081806,33797120,"Публичное акционерное общество ""Региональный банк развития"""
1343,7736036626,,"Открытое акционерное общество ""Российская инновационная топливно-энергетическая компания"""
5387,7841445498,91951557,"Публичное акционерное общество ""Группа Компаний  ""Роллман"""
4375,7722558855,78410213,"Открытое акционерное общество ""Русские Навигационные Технологии"""
3053,7225004092,74743120,"Открытое акционерное общество ""РН Холдинг"""
3671,2334006686,03606660,"АКЦИОНЕРНОЕ ОБЩЕСТВО ""РОДИНА"""
43,7730060164,17522116,Публичное акционерное общество РОСБАНК
3220,7806007100,,"Открытое акционерное общество ""Русские самоцветы"""
1281,7721562954,72937356,"Открытое акционерное общество ""РТМ"""
1064,6164102637,,"Открытое акционерное общество ""Ростовское акционерное общество энергетики и электрификации"""
1332,7730149408,58222277,"Акционерное общество ""РЕГИОН Эссет Менеджмент"""
700,7717033108,,"Закрытое акционерное общество ""ПИОГЛОБАЛ Эссет Менеджмент"""
1293,5408258380,,"Акционерное общество ""Управляющая компания Мономах"""
1138,7702158961,43322458,"Закрытое акционерное общество ""Управляющая компания ""Интерфин КАПИТАЛ"""
3693,7710199697,44504664,"Закрытое акционерное общество ""Паллада Эссет Менеджмент"""
566,7707077586,17508352,"Акционерный Коммерческий Банк ""Финансово-Промышленный Банк"" (Публичное Акционерное Общество)"
1141,7702335547,59079439,"Закрытое акционерное общество ""КОНКОРДИЯ - эссет менеджмент"""
953,4346012159,,"Открытое акционерное общество энергетики и электрификации ""Кировэнерго"""
1190,7706285907,13537500,"Общество с ограниченной ответственностью ""Управляющая компания ""МЕТРОПОЛЬ"""
1198,7707500642,70183367,"ОБЩЕСТВО С ОГРАНИЧЕННОЙ ОТВЕТСТВЕННОСТЬЮ ""УПРАВЛЯЮЩАЯ КОМПАНИЯ Д8"""
1325,7729010962,,"Общество с ограниченной ответственностью ""Управляющая компания ""НЕФТЕГАЗОВЫЕ АКТИВЫ"""
4202,7826153807,,"Закрытое акционерное общество ""Управляющая компания ""Норд-Вест Капитал"""
1020,5405175576,,"Акционерное общество ""Управляющая компания ""Алемар"""
831,0278087082,,"Общество с ограниченной ответственностью Управляющая компания ""Финансовые системы"""
1286,7722268930,59108572,"Общество с ограниченной ответственностью ""УНИВЕР Менеджмент"""
1386,7825481139,,"Общество с ограниченной ответственностью ""Управляющая компания ""БФА"""
1199,7707512951,72076569,"Общество с ограниченной ответственностью Управляющая компания ""Столичная Финансовая Корпорация"""
1146,7702533281,73848991,"Общество с ограниченной ответственностью   "" Управляющая компания "" НИВЕЛИР"""
1355,9703145944,38975477,"Акционерное общество ""РЕГИОН Траст"""
1047,5902131890,50264613,"Общество с ограниченной ответственностью ""Управляющая компания ""ВИТУС"""
4376,5902212884,83281858,"Общество с ограниченной ответственностью ""Управляющая компания ""Кастом Кэпитал"""
4341,7728647050,84749849,"Общество с ограниченной ответственностью ""Максвелл Капитал Менеджмент"""
1232,7710288918,42812166,"Общество с ограниченной ответственностью ""УК Управление инвестициями"""
1145,7702532827,,"Общество с ограниченной ответственностью ""Управляющая компания БИЗОН плюс"""
1152,7703194377,49304042,"Акционерное общество ""Компания по управлению инвестициями ""ЯМАЛ"""
1119,7455036003,59537706,"Акционерное общество Управляющая компания ""РФЦ-Капитал"""
1398,7842302012,,"Общество с ограниченной ответственностью ""БАЛТИНВЕСТ УК"""
1205,7708227080,14654886,"Общество с ограниченной ответственностью ""РЕГИОН Девелопмент"""
1241,7710667112,,"Общество с ограниченной ответственностью ""Ренессанс Управление Инвестициями"" "
1304,7725540133,,"Общество с ограниченной ответственностью ""Управляющая компания ""РОСТ КАПИТАЛА"""
1275,7719273031,,"Закрытое акционерное общество Управляющая компания ""Астерком"""
4435,7737524746,83162131,"Общество с ограниченной ответственностью Управляющая компания ""ГЕРА"""
5383,5903096976,,"Общество с ограниченной ответственностью ""Управляющая компания ""Финанс Капитал Менеджмент"""
1167,7704551039,,"Закрытое акционерное общество ""Управляющая компания ""АГ Капитал"""
1178,7705630029,75365239,"Закрытое акционерное общество Управляющая компания ""Коллективные инвестиции"""
3750,7706681026,84750002,"Акционерное общество ""Управляющая компания ""Мой Капитал"""
1032,5433157025,74946046,"Общество с ограниченной ответственностью Управляющая компания ""СибиряК"""
633,1616002409,,"Общество с ограниченной ответственностью ""Управляющая компания ""ТатИнК"""
6218,7725785729,17285449,"Акционерное общество ""Управляющая компания ""НИМБУС"""
5388,7725206241,,"Общество с ограниченной ответственностью ""Управляющая компания ""Навигатор"""
1204,7708168370,56682891,"Акционерное общество ""Управляющая компания ""ТРАНСФИНГРУП"""
652,7706219982,55220220,"Общество с ограниченной ответственностью ""Управляющая компания ""АГАНА"""
1265,7717527160,,"Общество с ограниченной ответственностью ""Управляющая компания АКСИОМА"" "
4578,7703721922,,"Общество с ограниченной ответственностью ""Управляющая компания ""Ренессанс Недвижимость"""
1234,7710438874,59162784,"Общество с ограниченной ответственностью ""Управляющая компания ""Ренессанс Капитал"""
1163,7704501207,44495126,"Общество с ограниченной ответственностью ""Управляющая компания ""РИКОМ-ТРАСТ"""
1252,7714624342,,"Общество с ограниченной ответственностью ""Управляющая компания ""АТЛАС-КАПИТАЛ"""
1290,7722559506,,"Открытое акционерное общество ""Управляющая компания ""НЕОФИТУС"""
1289,7722538136,76077011,"Закрытое акционерное общество Управляющая компания ""Инновационные решения"""
1216,7709571649,,"Общество с ограниченной ответственностью ""Управляющая компания ""РИГрупп-управление активами"""
1346,7736213272,56627544,"Общество с ограниченной ответственностью Управляющая компания ""УРАЛСИБ  Эссет Менеджмент"""
1250,7714547360,,"Общество с ограниченной ответственностью Управляющая компания ""Капитал Инвест"""
1156,7703349849,58706590,"Закрытое акционерное общество ""Управляющая компания Ломоносов"""
1035,5501096327,,"Общество с ограниченной ответственностью ""Управляющая компания ""Октан"""
3475,7722563196,79414414,"Акционерное общество Управляющая компания ""РВМ Капитал"""
1200,7707559942,78548555,"Общество с ограниченной ответственностью ""Управляющая компания ""Меркури Кэпитал Траст"""
1271,7718545596,,"Общество с ограниченной ответственностью ""ИТБ Финанс""  "
1291,7722569991,,"Закрытое акционерное общество Управляющая компания ""Капитальные вложения"" "
1314,7727528950,75351970,"Общество с ограниченной ответственностью ""Баланс Эссет Менеджмент"""
1382,7813316363,76153999,"Общество с ограниченной ответственностью ""Управляющая компания ""Музей"""
929,3528113671,94855535,"Общество с ограниченной ответственностью ""Управляющая компания СтальФонда"""
781,5018026672,11767986,"Закрытое акционерное общество ""Лидер"" (Компания по управлению активами пенсионного фонда)"
1262,7716226611,,"Общество с ограниченной ответственностью ""Просперити Кэпитал Менеджмент"""
1296,7723566915,,"Общество с ограниченной ответственностью ""Мегаполис Эссет Менеджмент"""
1165,7704528336,73861129,"Общество с ограниченной ответственностью ""Управляющая компания ""НФГ  Эссет Менеджмент"""
1237,7710644010,97233107,"Общество с ограниченной ответственностью ""Управляющая компания ""Содружество"""
1299,7724567580,93466091,"Управляющая Компания ""ЮграФинанс"" (Общество с ограниченной ответственностью)"
1186,7706111837,40441270,"Общество с ограниченной ответственностью ""Управляющая компания Портфельные инвестиции"""
1170,7704582894,93268408,"Общество с ограниченной ответственностью ""Управляющая компания ""Агро Стандарт"" "
885,2309084747,,"Закрытое акционерное общество ""Кубанская управляющая компания"""
3476,7734551935,97324229,"Закрытое акционерное общество ""Управляющая компания ""Инфина"""
3557,7704528294,73861135,"Общество с ограниченной ответственностью ""Управляющая компания ""СТРАТЕГИЯ"""
1312,7727516062,73546215,"Акционерное общество Управляющая компания ""Либра Капитал"""
3558,7714504239,,"Закрытое акционерное общество Управляющей компании ""РОЭЛ Капитал"""
1106,6950023448,,"Общество с ограниченной ответственностью ""Управляющая компания ""Региональные инвестиции"" "
1347,7736231507,,"Общество с ограниченной ответственностью ""Максвелл Эссет Менеджмент"""
1206,7708521733,72762738,"Общество с ограниченной ответственностью ""Управляющая компания ""Финанс Классик"""
2526,1654043389,,"Закрытое акционерное общество ""Холдинг Капитал"""
3482,5407018473,95482875,"Общество с ограниченной ответственностью Управляющая Компания ""Брокеркредитсервис-Фонды недвижимости"""
3483,3808083878,46701848,"Общество с ограниченной ответственностью ""Управляющая компания ""Энергия-инвест"""
3563,7722511455,72751019,"Общество с ограниченной ответственностью ""АР СИ ЭФ Кэпитал Траст"""
3561,7701666994,96432359,"Общество с ограниченной ответственностью ""Управляющая компания ""Русский Трастовый Дом"""
3562,7706627396,,"Общество с ограниченной ответственностью ""Аруджи Ассет Менеджмент"""
4732,7701894373,68895238,"Общество с ограниченной ответственностью ""Управляющая компания РИГОРА"""
3574,7714148894,,"Общество с ограниченной ответственностью ""Управляющая компания ""КапиталЪ"""
4201,7703523568,73569417,"Общество с ограниченной ответственностью ""Управляющая компания ВЕЛЕС Менеджмент"""
3578,2460069319,76746736,"Акционерное общество ""Управляющая компания ""СМ.арт"""
3749,7725600047,99670668,"Акционерное общество Управляющая компания ""Глобус Капитал"""
1195,7710152113,02278679,Правительство Москвы
7977,7710684439,,"Общество с ограниченной ответственностью ""Управляющая компания ""Михайловский"""
3656,7716536003,79445679,"Общество с ограниченной ответственностью Управляющая компания ""Коннект Финанс Менеджмент"" "
3664,7722595977,98310809,"Закрытое Акционерное Общество Управляющая компания ""Формула инвестиций"""
3679,7736030670,27982586,"Закрытое акционерное общество ""Управляющая компания ""ИНТРАСТ"""
3692,7806123025,57935992,"Общество с ограниченной ответственностью ""Управляющая компания ""Менеджмент. Инвестиции. Развитие."""
3660,7705419964,58008911,"Общество с ограниченной ответственностью Управляющая компания ""КонТехнол Инвест"""
4484,7701853842,,"Общество с ограниченной ответственностью ""Управляющая компания ""Евро Фин Траст"""
4354,7701720017,,"Закрытое акционерное общество ""Управляющая компания ""Континент"""
3702,7708601347,95965473,"Общество с ограниченной ответственностью ""Генеральная Управляющая Компания"""
4263,7718581523,95147042,"Общество с ограниченной ответственностью ""Управляющая компания ""Прагма Капитал"""
6411,7723861822,17126372,"Общество с ограниченной ответственностью ""Управляющая компания ""ПЕГАС"""
4488,7723756313,66351818,"Общество с ограниченной ответственностью ""Империал Траст"""
712,7708503727,00083262,"открытое акционерное общество ""Российские железные дороги"""
3778,3808167888,80248955,"Акционерное общество ""Управляющая компания ""Байкальский капитал"""
3796,7701155020,46415686,"Акционерное общество ""Управляющая Компания ТРИНФИКО"""
8422,3445109706,,"Общество с ограниченной ответственностью ""Управляющая компания ""Мегаполис-Инвест"""
4334,7719561939,78478790,"Акционерное общество ""ГФТ Паевые Инвестиционные Фонды"""
4409,7706651991,99687692,"Общество с ограниченной ответственностью ""Управляющая компания ""АТЛАНТА"""
3839,5262211350,80447212,"Общество с ограниченной ответственностью Управляющая компания ""Евротраст"""
5951,7725217596,59838939,"Акционерное общество ""Управляющая компания ""Рацио-капитал"""
4278,7702640420,80837841,"Общество с ограниченной ответственностью ""Управляющая компания ""Синергия"""
3824,7737523774,82546987,"Закрытое акционерное общество Управляющая компания ""Инвестиционный стандарт"""
4271,7723625776,82498573,"Общество с ограниченной ответственностью Управляющая компания ""Надежное управление"""
3645,7701548736,73833067,"Акционерное общество ""УПРАВЛЯЮЩАЯ КОМПАНИЯ ""ЕВРОФИНАНСЫ"""
4323,7710261440,47390095,"Акционерное общество ""Управляющая компания ""Стратегия"""
7045,7722563365,,"Акционерное общество Управляющая компания ""Континенталь"""
4322,7705794926,81367320,"Общество с ограниченной ответственностью ""ТрастЮнион Эссет Менеджмент"""
4358,7841367289,82127753,"Публичное акционерное общество ""Управляющая компания Объединенных резервных фондов"""
10875,7707423596,,"Общество с ограниченной ответственностью ""Управляющая компания ""Простор Инвест"""
4406,7706671050,83119997,"Общество с ограниченной ответственностью ""Управляющая компания ""Финанс Трейд Эссет Менеджмент"""
4418,7825680984,47931496,"Закрытое акционерное общество ""Управляющая компания ""Энергокапитал"""
4417,7722647939,86421417,"Общество с ограниченной ответственностью ""Управляющая компания ""ЮЛА"""
4408,7702526051,73491974,"Общество с ограниченной ответственностью Управляющая компания ""Джи Ай Си Эм"""
4419,7743665390,83170946,"Общество с ограниченной ответственностью ""Управляющая компания ""Партнер"""
4420,7707628890,81371008,"Общество с ограниченной ответственностью ""ИнтерФинанс Управление Активами"""
4425,7804433159,98641831,"Общество с ограниченной ответственностью Управляющая Компания ""МАКСИМУМ"""
7978,7715793625,,"Акционерное общество Управляющая компания ""Эстейт Капитал"""
3655,7723594775,98322310,"Акционерное общество Управляющая компания ""Прогрессивные инвестиционные идеи"""
4476,7701802580,88376629,"Общество с ограниченной ответственностью ""Управляющая компания ""Монтес Аури"""
4470,7707608090,98208034,"Общество с ограниченной ответственностью ""Объединенная управляющая компания"""
6102,7708770000,11505766,"Общество с ограниченной ответственностью ""Управляющая компания ""Русь Менеджмент"""
4499,7703610669,97320177,"Общество с ограниченной ответственностью ""Управляющая компания ""Биопроцесс Кэпитал Партнерс"""
4483,7706659976,81376218,"Общество с ограниченной ответственностью Управляющая компания ""Инвесттрансгаз"""
7002,7709811393,,"Закрытое акционерное общество ""Республиканская Управляющая Компания"""
4538,7706735747,66374512,"Общество с ограниченной ответственностью ""Академ-Финанс"""
4552,5612065074,23905643,"Общество с ограниченной ответственностью ""АктивФинансМенеджмент"""
4868,7838470102,,"Общество с ограниченной ответственностью Управляющая компания ""Гарант ФинКом"""
4689,7702602471,95223622,"Акционерное общество Управляющая компания ""Виктори Эссет Менеджмент"""
4650,7719566165,78926201,"Закрытое акционерное общество Управляющая Компания ""Норд-Капитал"""
3632,7701668173,96453640,"Общество с ограниченной ответственностью ""Управляющая компания ""Клевер-Профит"""
4766,7701711439,99687858,"Общество с ограниченной ответственностью ""Межотраслевая Управляющая Компания"""
8320,9715010155,,"Общество с ограниченной ответственностью ""Актив Инвест"""
4775,6316130695,83721234,"Общество с ограниченной ответственностью Управляющая Компания ""Первоинвест-Управление активами"""
4769,7717668676,65203257,"Общество с ограниченной ответственностью Управляющая компания ""Флагман"""
4806,7702734622,66886991,"Общество с ограниченной ответственностью Управляющая компания ""ДжиБиЭм Кэпитал"""
7365,7705619057,,"Акционерное общество ""Управляющая компания ""Регионфинансресурс"""
6322,7106074679,,"Общество с ограниченной ответственностью ""ПартнерПортфельИнвест"""
4846,7702226185,49872527,"Общество с ограниченной ответственностью ""АНЕКТ"""
3786,7715648191,,"Общество с ограниченной ответственностью ""Агентство по управлению активами ""Импульс"""
4866,7707757447,30217145,"Общество с ограниченной ответственностью ""Управляющая компания ""ФОРТИС-Инвест"""
5394,7723650420,84876186,"Закрытое акционерное общество ""Управляющая компания ""Основа"""
5954,7702768653,30145196,"Общество с ограниченной ответственностью Управляющая компания ""Голден Стоун Морган Эссет Менеджмент"""
4800,7705934845,69576860,"Общество с ограниченной ответственностью ""КАПИТАЛ ЭССЕТ МЕНЕДЖМЕНТ"""
4524,7728595035,97257651,"Закрытое акционерное общество ""Управляющая Компания ГФТ КАПИТАЛ"""
5390,7709424115,14246489,"Закрытое акционерное общество ""Успешная управляющая компания Республики Татарстан"""
11206,6164123980,33954789,"Общество с ограниченной ответственностью Управляющая компания ""ЭМРИС"""
6089,7729717712,11435936,"Общество с ограниченной ответственностью ""Управляющая компания ""Коммершиал проперти траст"""
4616,7734639227,66925484,"Общество с ограниченной ответственностью ""МФОНД"""
4321,7706178479,49865450,"Общество с ограниченной ответственностью Управляющая компания ""Парма-Менеджмент"""
6403,7710669920,80731605,"Закрытое акционерное общество ""Управляющая компания ""Евразия"""
6256,7705918106,66393969,"Акционерное общество ""Ай Кью Джи Управление Активами"""
6506,7707014681,40025889,"Акционерное общество ""Конкорд Управление Активами"""
6515,7705539531,17535739,"Акционерное общество ""Эмпайр Траст"""
406,7750004150,00005061,"государственная корпорация развития ""ВЭБ.РФ"""
8126,7720555129,,"Закрытое акционерное общество Управляющая компания ""СтройКапитал"""
6821,7722606844,99716519,"Закрытое акционерное общество ""ИНТЕРКОММЕРЦ Управление активами"""
4262,7706660033,81356457,"Общество с ограниченной ответственностью Управляющая компания ""Аурум Инвестмент"""
6995,7719280945,70087089,"Закрытое акционерное общество ""Управляющая компания ""Диана"""
7948,7701728457,,"Акционерное общество ""Управляющая компания ""Универсал"""
6959,7730623829,,"Акционерное общество Управляющая компания ""ФУНДАМЕНТ"""
7212,7702816018,,"Общество с ограниченной ответственностью ""Эссет Менеджмент Солюшнс"""
4442,7725616128,82538396,"Общество с ограниченной ответственностью ""Управляющая Компания ""Джи Пи Ай"""
7492,7714896882,17150962,"Общество с ограниченной ответственностью ""ФорТрейд"""
9854,7714937546,,"Общество с ограниченной ответственностью ""Управляющая компания ""БАЙКАЛ"""
11008,7703471817,,"Общество с ограниченной ответственностью Управляющая компания ""Индустриальная недвижимость"""
1233,7710303877,,"Открытое акционерное общество ""ИНТЕРУРАЛ"""
150,7831000210,09806578,Международный банк Санкт-Петербурга (Акционерное общество)
4399,7706533405,73495883,"Публичное акционерное общество ""Русгрэйн Холдинг"""
9682,0010037342,,ITI FUNDS UCITS ETF SICAV
3370,5251008501,78721433,"Публичное акционерное общество ""Русполимет"""
4424,3811134339,61136104,"Открытое акционерное общество ""РОСИНВЕСТ"""
1067,6227001955,,"Открытое акционерное общество энергетики и электрификации ""Рязаньэнерго"""
1173,7705005628,33649230,"Открытое акционерное общество ""Седьмой Континент"""
3775,3811126779,87073996,"Публичное акционерное общество ""Селесстра"""
4423,5038012283,00970299,"Открытое акционерное общество ""Софринский экспериментально-механический завод"""
11911,0010038523,,Noventiq Holdings plc
912,3128011788,,"Открытое акционерное общество ""Стойленский горно-обогатительный комбинат"""
7982,8602253571,,"Публичное акционерное общество ""Айс стим Рус"""
3118,7702080289,05030856,"Акционерное общество ""Силовые машины – ЗТЛ, ЛМЗ, Электросила, Энергомашэкспорт"""
3105,5919470097,,"Открытое акционерное общество ""Сильвинит"""
785,7735116621,59849251,"Открытое акционерное общество ""СИТРОНИКС"""
3129,2466152267,81213597,"Открытое акционерное общество ""СУЭК-Красноярск"""
4834,7709732913,80704206,"Открытое акционерное общество  ""СкайКомпьютинг"""
3703,2224001029,29718988,"Открытое акционерное общество ""Сибирская земля"""
1097,6731008503,,"Открытое акционерное общество энергетики и электрификации ""Смоленскэнерго"""
1098,6731048633,,"Открытое акционерное общество ""Смоленскэнергосбыт"""
1741,0266008329,05766575,"Открытое акционерное общество ""Газпром нефтехим Салават"""
3265,6612000551,,"Акционерное общество ""Синарский трубный завод"""
4175,7701840635,62101480,"Открытое акционерное общество ""Современные инновационные технологии"""
9782,7707583543,,"Общество с ограниченной ответственностью ""УК ""А-Капитал"""
1374,7808020593,01166228,"Открытое акционерное общество ""Северо-Западный Телеком"""
1025,5407127828,01158832,"Открытое акционерное общество ""Сибирьтелеком"""
897,2632003722,,"Открытое акционерное общество ""Ставропольское акционерное общество энергетики и электрификации"""
1228,7710168360,,Министерство финансов Российской Федерации
1085,6608003408,,"Открытое акционерное общество энергетики и электрификации ""Свердловэнерго"""
1090,6670082105,04622448,"Открытое акционерное общество ""Свердловэнергосбыт"""
3166,6626002291,,"Акционерное общество ""Северский трубный завод"""
522,7710301140,09301192,Межрегиональный коммерческий банк развития связи и информатики (публичное акционерное общество)
4313,2346000311,10124950,"Акционерное общество ""Новопластуновское"""
3111,7812023195,,"Публичное акционерное общество ""Северо-Западное пароходство"""
1099,6829000116,,"Открытое акционерное общество энергетики и электрификации ""Тамбовэнерго"""
2435,5701000985,11233782,"Открытое акционерное общество ""Авиационная компания ""ТРАНСАЭРО"""
3167,6154011797,,"Открытое акционерное общество ""Таганрогский металлургический завод"""
3259,6453011530,,"Публичное акционерное общество ""Тантал"""
4414,1639042581,65514827,"Открытое акционерное общество ""ТАТБЕНТО"""
170,7831000108,27456165,Таврический Банк (акционерное общество)
127,7722080343,17529124,"Открытое Акционерное Общество ""ТрансКредитБанк"""
6468,7702821106,17993784,"Акционерное общество ""ТФК-Финанс"""
742,6829012680,71259492,"Акционерное общество ""Квадра - Генерирующая компания"""
876,2128701733,75696019,"Открытое акционерное общество ""Территориальная генерирующая компания №5"""
1006,5257072937,76674592,"Открытое акционерное общество ""Территориальная генерирующая компания №6"""
682,3015068092,75192780,"Открытое акционерное общество ""Южная генерирующая компания - ТГК-8"""
1053,5904119383,75499141,"Открытое акционерное общество ""Территориальная генерирующая компания №9"""
1023,5406323202,78302392,"Открытое акционерное общество ""Территориальная генерирующая компания №11"""
1570,6154002200,,"Открытое акционерное общество ""Таганрогский комбайновый завод"""
1282,7722075495,,"Открытое акционерное общество ""ТАМП"", Таганский мясоперерабатывающий завод"
4706,7105504223,,"Открытое акционерное общество ""Тулагорводоканал"""
4458,5075002220,04001539,"Публичное акционерное общество ""Тучковский комбинат строительных материалов"""
1113,7102003331,,"Открытое акционерное общество энергетики и электрификации ""Тулэнерго"""
1112,7101006428,77040286,"Открытое акционерное общество ""Тулаэнергосбыт"""
1111,7017114680,,"Акционерное общество ""Томская энергосбытовая компания"""
4515,2464229595,69116957,"Открытое акционерное общество ""Теплофон"""
4705,7713520742,,"Открытое акционерное общество ""Траверс"""
3468,7708591995,94421386,"Публичное акционерное общество ""ТрансКонтейнер"""
6199,7708797192,76396169,"Публичное акционерное общество ""ТрансФин-М"""
483,5834004442,09237695,"Открытое акционерное общество ""Пензенский Губернский банк ""Тарханы"""
4765,2341013797,73187779,"Акционерное общество ""Труд"""
4464,5904230913,75499721,"Открытое акционерное общество ""ТСК-1"""
3440,7106002836,07514340,"Акционерное общество ""Акционерная Компания ""Туламашзавод"""
1102,6900000300,,"Открытое акционерное общество ""Тверская энергетическая система"""
1104,6901068245,,"Открытое акционерное общество ""Тверьэнергосбыт"""
1194,7707073366,,"Открытое акционерное общество ""Торговый дом ЦУМ"""
1116,7300000029,,"Публичное акционерное общество ""Ульяновский автомобильный завод"""
6002,7708776756,11346629,"Акционерное общество ""Объединенные Кредитные Системы"""
869,1826001419,,"Открытое акционерное общество энергетики и электрификации ""Удмуртэнерго"""
873,1835062930,74040788,"Открытое акционерное общество ""Удмуртская энергосбытовая компания"""
824,0273008320,07503916,"Открытое акционерное общество ""Уфимское моторостроительное производственное объединение"""
2995,0277012020,,"Открытое акционерное общество ""Уфанефтехим"""
1050,5911029807,00203944,"Публичное акционерное общество ""Уралкалий"""
1048,5902183094,01134530,"Открытое акционерное общество ""Уралсвязьинформ"""
4491,7810597081,67459334,"Открытое акционерное общество ""Управляющая компания ""Синергия"""
880,2308025192,01151037,"Открытое акционерное общество ""Южная телекоммуникационная компания"""
4531,7725723391,63789158,"Публичное акционерное общество ""Платформа ЮТИНЕТ.РУ"""
8053,7816546936,,"Публичное акционерное общество ""Единые Техно Системы"""
3076,0323018510,,"Открытое акционерное общество ""Улан-Удэнский авиационный завод"""
918,3302021309,,"Публичное акционерное общество ""Владимирская энергосбытовая компания"""
1302,7725081786,45896927,"Публичное акционерное общество ""ВЕРОФАРМ"""
920,3329000120,,"Открытое акционерное общество ""Владимирэнерго"""
925,3525027488,,"Открытое акционерное общество энергетики и электрификации ""Вологдаэнерго"""
921,3434000288,,"Открытое акционерное общество энергетики и электрификации ""Волгоградэнерго"""
926,3525154831,77588133,"Публичное акционерное общество ""Вологодская сбытовая компания"""
2917,5920001050,,"Открытое акционерное общество ""Воткинская ГЭС"""
3031,5247004695,05757848,"Акционерное общество ""Выксунский металлургический завод"""
262,7831000010,09801055,"Открытое акционерное общество ""Банк ВТБ Северо-Запад"""
1012,5260901817,01142788,"Открытое акционерное общество ""ВолгаТелеком"""
4503,7802730188,94568735,"Открытое акционерное общество ""Витал Девелопмент Корпорэйшн"""
1476,3435900531,50514721,"Открытое акционерное общество ""Волтайр-Пром"""
4821,7813510515,92088563,"Публичное акционерное общество ""ВТОРРЕСУРСЫ"""
930,3663006330,,"Открытое акционерное общество энергетики и электрификации ""Воронежэнерго"""
1336,7732021555,,"Открытое акционерное общество ""Научно-производственное объединение  ""Взлет"""
352,5000001042,09620767,"Публичное акционерное общество Банк ""Возрождение"""
1211,7709342399,57024227,"Открытое акционерное общество ""Вимм-Билль-Данн Продукты Питания"""
1124,7601000505,,"Ярославское открытое акционерное общество энергетики и электрификации ""Ярэнерго"""
2797,7601001509,05766824,"Акционерное общество ""Кордиант"""
3736,5906069723,72205067,"Открытое акционерное общество ""Управляющая компания ""Стратегия"""
6822,0010034514,,Nebius Group N.V.
1126,7604014087,09288250,"Публичное акционерное общество Банк ""ВВБ"""
3336,5042080470,,"Открытое акционерное общество ""Загорская ГАЭС"""
4016,7750005637,17546460,"Открытое акционерное общество Банк ""Западный"""
6099,7811530837,85599300,"Открытое акционерное общество ""Живой офис"""
3685,5036040729,,"Акционерное общество ""Машиностроительный завод ""ЗиО-Подольск"""
4518,1655203050,68734469,"Открытое акционерное общество ""ЗИРЕРА"""
1004,5248004137,,"Публичное акционерное общество ""Заволжский моторный завод"""
1489,1435028437,13135180,"Открытое акционерное общество ""Золото Якутии"""
