id,name,source,created_at
82f1b130-065a-44d3-974e-6ceb43b2a6d7,Все санкции по убыванию даты,"SELECT date_start, event
FROM tagged_events
WHERE tag = 'SANCTIONS'
ORDER BY date_start DESC
LIMIT 30",2026-04-27T19:12:26+00:00
950122ae-07ac-4f05-986b-d106b440bae9,Див. объявл. LKOH с CAR,"SELECT te.date_start,
       te.event,
       car('LKOH', te.date_start) AS car
FROM tagged_events te
JOIN tagged_events te2 ON te2.event_id = te.event_id
WHERE te.tag = 'LKOH'
  AND te2.tag = 'DIVIDEND_ANNOUNCEMENT'
ORDER BY te.date_start DESC
LIMIT 20;",2026-04-27T19:13:20+00:00
5fba0daf-5c10-42e6-be44-9fa24d0ca821,Сравнение 3 est. models LKOH,"SELECT te.date_start,
       car('LKOH', te.date_start, model => 'mean_adjusted') AS car_mean,
       car('LKOH', te.date_start, model => 'market_model')  AS car_market,
       car('LKOH', te.date_start, model => 'capm')          AS car_capm
FROM tagged_events te
WHERE te.tag = 'SANCTIONS'
  AND te.date_start > DATE '2018-01-01'
ORDER BY te.date_start DESC;",2026-04-27T19:14:43+00:00
152b68ff-a2df-43fc-8c0a-df64bffa3fce,Топ-10 компаний по количеству дивидендных выплат,"SELECT te.tag AS ticker,
       COUNT(*) AS payments
FROM tagged_events te
JOIN tagged_events te2 ON te2.event_id = te.event_id
WHERE te2.tag = 'DIVIDEND_PAYMENT'
  AND te.tag IN (SELECT code FROM tags WHERE type = 'company')
GROUP BY te.tag
ORDER BY payments DESC
LIMIT 10;",2026-04-27T19:15:15+00:00
2dad2c57-c895-42e3-8f77-50512bd91541,Дивиденды GAZP с indow_after=30 и CAR > 0.05,"SELECT te.date_start,
       car('GAZP', te.date_start, window_before => 5, window_after => 30) AS car_30
FROM tagged_events te
JOIN tagged_events te2 ON te2.event_id = te.event_id
WHERE te.tag = 'GAZP'
  AND te2.tag = 'DIVIDEND_ANNOUNCEMENT'
  AND ABS(car('GAZP', te.date_start, window_before => 5, window_after => 30)) > 0.05
ORDER BY ABS(car_30) DESC
LIMIT 15;",2026-04-27T19:17:05+00:00
0cc0cdaa-348b-43bd-a4dd-98469a2f2a25,Топ-10 изменений после объявления див.,"WITH announcements AS (
  SELECT te1.event_id, te1.tag AS ticker, te1.date_start
  FROM tagged_events te1
  JOIN tagged_events te2 ON te2.event_id = te1.event_id
  WHERE te2.tag = 'DIVIDEND_ANNOUNCEMENT'
    AND te1.tag IN (SELECT code FROM tags WHERE type = 'company')
)
SELECT ticker, date_start, car(ticker, date_start) AS car
FROM announcements
WHERE car(ticker, date_start) IS NOT NULL
ORDER BY abs(car) DESC
LIMIT 10",2026-04-27T19:26:38+00:00
